company_withAccessInfo,link,country,sector,industry,publication date,pages PDF,auditor
74Software*,https://www.74software.com/sites/default/files/financial_documents/2024%20-%20DEU%20-%20VEN%20-%2024%20mars.pdf,France,Technology & Communications,Software & IT Services,2025-03-24,103,ACA Nexia & Forvis Mazars
AB InBev,https://cdn.builder.io/o/assets%2F2e5c7fb020194c1a8ee80f743d0b923e%2Ffa283055d37b49a2814094325ca5abf1?alt=media&token=35f21c06-7ae0-4c9c-b6bf-85d79a306575&apiKey=2e5c7fb020194c1a8ee80f743d0b923e,Belgium,Food & Beverage,Alcoholic Beverages,2025-02-26,37,PwC
ABN Amro,https://downloads.ctfassets.net/1u811bvgvthc/4kP1H76f9NV9aqKE5SjTxE/a049b59e013fd808d8d0ceeb9ee3a4c5/ABN_AMRO___Integrated_Annual_Report_2024.pdf,Netherlands,Financials,Commercial Banks,2025-03-12,147,EY
Acciona*,https://www.acciona.com/content/dam/acciona-global/documentos/cnmv/2025/informe-sostenibilidad-2024.pdf,Spain,Infrastructure,Engineering & Construction Services,2025-02-12,439,KPMG
Acerinox,https://www.acerinox.com/export/sites/acerinox/es/accionistas-e-inversores/informacion-economica-financiera/informe-anual-integrado/.galleries/Informacion-Anual/2024-Acerinox-Group-Consolidated-Management-Report.pdf,Spain,Extractives & Mineral Processing,Iron & Steel Producers,2025-02-28,128,PwC
Acomo,https://www.acomo.nl/wp-content/uploads/2025/03/Annual-Report-2024-Interactive.pdf,Netherlands,Food & Beverage,Processed Foods,2025-03-07,56,EY
Addiko Bank,https://www.addiko.com/static/uploads/Addiko-Group-Consolidated-Financial-Report-2024-EN-1.pdf,Austria,Financials,Commercial Banks,2025-03-06,139,KPMG
adidas,https://report.adidas-group.com/2024/en/_assets/downloads/annual-report-adidas-ar24.pdf,Germany,Consumer Goods,"Apparel, Accessories & Footwear",2025-03-05,218,PwC
Adyen*,https://brand.adyen.com/api/asset/eyJjbGllbnRJZCI6bnVsbCwiaWQiOjU2NjkxLCJ0aW1lc3RhbXAiOjE3NDEzNDgzNDEsInZlcnNpb24iOjE3NDEzNDgyMDV9:adyen:kj44Bpqibw5DHCvRHFCwtnzOuM88_WWzAKJ1odHfCfY/download,Netherlands,Consumer Goods,E-Commerce,2025-03-07,156,PwC
Aena,https://www.aena.es/sites/Satellite?blobcol=urldata&blobkey=id&blobtable=MungoBlobs&blobwhere=1576870867684&ssbinary=true,Spain,Transportation,Air Freight & Logistics,2025-02-26,303,KPMG
AIB,https://aib.ie/content/dam/frontdoor/investorrelations/docs/resultscentre/annualreport/2024/aib-group-plc-afr-report-2024.pdf,Ireland,Financials,Commercial Banks,2025-03-05,78,PwC
Air France-KLM,https://www.airfranceklm.com/sites/default/files/2025-04/2024_urd-ven_04032025.pdf,France,Transportation,Airlines,2024-04-03,170,KPMG & PwC
Air Liquide,https://www.airliquide.com/sites/airliquide.com/files/2025-03/air-liquide-2024-universal-registration-document.pdf,France,Resource Transformation,Chemicals,2025-03-07,104,PwC & KPMG
Airbus,https://www.airbus.com/sites/g/files/jlcbta136/files/2025-04/Airbus%20Annual%20Report%202024.pdf,France,Resource Transformation,Aerospace & Defence,2025-04-01,109,EY
AIXTRON*,https://www.aixtron.com/investoren/publikationen/2024/en/Annual%20Report%202024.pdf,Germany,Technology & Communications,Semiconductors,2025-02-26,87,KPMG
Alfen,https://alfen.com/nl/media/2013/download?attachment,Netherlands,Resource Transformation,Electrical & Electronic Equipment,2025-02-12,34,PwC
ALK,https://ir.alk.net/static-files/b6b65921-c84e-45c4-8b5a-e6f91bc00cbd,Denmark,Health Care,Biotechnology & Pharmaceuticals,2025-02-19,70,PwC
Allegro*,https://about.allegro.eu/static-files/2d1a10ad-ea02-409b-99db-556b96234d06,Luxembourg,Consumer Goods,E-Commerce,2025-03-13,68,PwC
Allianz,https://www.allianz.com/content/dam/onemarketing/azcom/Allianz_com/investor-relations/en/results-reports/annual-report/ar-2024/en-allianz-group-annual-report-2024.pdf,Germany,Financials,Insurance,2025-03-14,133,PwC
Amadeus IT*,https://corporate.amadeus.com/documents/en/investors/2024/corporate-governance/non-financial-information-2024.pdf,Spain,Technology & Communications,Software & IT Services,2025-02-28,210,EY
AMAG Austria Metall,https://www.amag-al4u.com/fileadmin/user_upload/amag/Investor_Relations/Publikationen/2024/AMAG_GJ2024_Finanzbericht_en.pdf,Austria,Extractives & Mineral Processing,Metals & Mining,2025-02-20,115,EY
AMG Critical Materials*,https://reports.amg-nv.com/2024/_assets/downloads/entire-amg-ar24.pdf?h=S9LODnP_,Netherlands,Resource Transformation,Chemicals,2025-03-12,59,KPMG
Amplifon*,https://corporate.amplifon.com/content/dam/amplifon/archive/en/investors/financial-reports/2025/250321_Amplifon_REPORT_ENG_WEB.pdf,Italy,Health Care,Health Care Distributors,2025-03-20,121,KPMG
Arcadis,https://media.arcadis.com/-/media/project/arcadiscom/com/investors/arcadis-annual-integrated-report/2025/arcadis-annual-integrated-report-2024.pdf,Netherlands,Infrastructure,Engineering & Construction Services,2025-02-13,110,PwC
Arena Hospitality*,https://www.arenahospitalitygroup.com/datastore/filestore/137/Annual-Report-2024.pdf,Croatia,Services,Hotels & Lodging,2025-02-27,44,Deloitte
Argenx*,https://argenx.com/content/dam/argenx-corp/media-documents/argenx-Integrated_Annual_Report_2024-PDF_print_1.pdf.coredownload.inline.pdf,Netherlands,Health Care,Biotechnology & Pharmaceuticals,2025-03-20,70,Deloitte
ASM International*,https://www.asm.com/media/3xuppljv/annual-report-2024-asm-final.pdf,Netherlands,Technology & Communications,Semiconductors,2025-03-06,37,KPMG
ASML Holding*,https://ourbrand.asml.com/m/79d325b168e0fd7e/original/2024-Annual-Report-based-on-US-GAAP.pdf#page=1,Netherlands,Technology & Communications,Semiconductors,2025-03-05,164,KPMG
ASR Nederland*,https://annualreport.asrnl.com/2024/xmlpages/tan/files?p_file_id=445,Netherlands,Financials,Insurance,2025-03-26,128,KPMG
Assa Abloy*,https://www.assaabloy.com/group/en/documents/investors/annual-reports/2024/Annual%20Report%202024%20-%20for%20print.pdf,Sweden,Resource Transformation,Electrical & Electronic Equipment,2025-03-12,50,EY
Atenor*,https://www.atenor.eu/wp-content/uploads/2025/03/Atenor-Annual-Report-2024.pdf,Belgium,Infrastructure,Home Builders,2025-03-27,139,BDO
Atria,https://www.atria.com/globalassets/atria.com/sijoittajat/atrian-vuosi-2024/en/atria-annual-report-2024.pdf,Finland,Food & Beverage,"Meat, Poultry & Dairy",2025-03-07,52,Deloitte
Austrian Post,https://assets.post.at/-/media/Dokumente/En/Investor-Relations/Geschaefts--und-Nachhaltigkeitsberichte/Austrian-Post-Annual-Report-2024.pdf,Austria,Transportation,Air Freight & Logistics,2025-03-07,116,BDO
AXA*,https://www-axa-com.cdn.axa-contento-118412.eu/www-axa-com/fd85b507-f97f-4ac5-861b-6b2b90e1c601_AXA_URD2024_EN.pdf,France,Financials,Insurance,2025-03-19,143,EY & KPMG
Axfood,https://www.axfood.com/globalassets/startsida/investerare/rapporter-och-presentationer/2024/axfood-annual-and-sustainability-report-2024.pdf,Sweden,Food & Beverage,Food Retailers & Distributors,2025-02-21,60,Deloitte
BAM,https://www.bam.com/sites/bamc/files/2025-02/bam-2024-annual-report_0.pdf,Netherlands,Infrastructure,Engineering & Construction Services,2025-02-21,70,EY
Banco Sabadell,https://www.grupbancsabadell.com/corp/files/6000238911432/6_is_24_eng.pdf?bsb=RmlsZV9DLTYwMDAyMzg5MTE0MzItMTM3NDA5ODA3OTg5NQ,Spain,Financials,Commercial Banks,2025-02-14,270,KPMG
Banco Santander,https://www.santander.com/content/dam/santander-com/en/documentos/informe-financiero-anual/2024/ifa-2024-consolidated-annual-financial-report-en.pdf,Spain,Financials,Commercial Banks,2025-02-25,214,PwC
Bank Millenium*,https://www.bankmillennium.pl/en/about-the-bank/investor-relations/financial-reports/annual-reports,Poland,Financials,Commercial Banks,2025-02-24,170,Deloitte
Bank of Ireland,https://investorrelations.bankofireland.com/app/uploads/Annual-Report-HoldCo-2024-Web.pdf,Ireland,Financials,Commercial Banks,2025-02-24,141,KPMG
Bank Polska Kasa Opieki*,https://www.pekao.com.pl/dam/jcr:4508067b-d2e6-4771-a4e0-0ef4ebfffdad/Report_on_the_Activities_Bank_Pekao_Group_RR2024.pdf,Poland,Financials,Commercial Banks,2025-02-27,174,PwC
Barclays Bank*,https://home.barclays/content/dam/home-barclays/documents/investor-relations/reports-and-events/annual-reports/2024/Barclays-Bank-PLC-Annual-Report-2024-Final.pdf,United Kingdom,Financials,Commercial Banks,2025-02-12,83,KPMG
Barco,https://assets.barco.com/m/4e3f86020693827c/original/Barco-IR2024-FULL.pdf?_gl=1*1ogpn62*_gcl_au*MTEzMTUxNzkzNi4xNzM5MjYzNTQ1*_ga*MTE2MDMyMzgwOC4xNzM5MjYzNTQ1*_ga_KMDGVRWYBD*MTczOTI2MzU0NC4xLjEuMTczOTI2MzU1MS41NC4wLjEwMTcxNzQyNDI.,Belgium,Technology & Communications,Hardware,2025-02-11,58,PwC
BASF,https://report.basf.com/2024/en/_assets/downloads/entire-full-report-basf-ar24.pdf?h=bgn5lq-I,Germany,Resource Transformation,Chemicals,2025-03-21,181,Deloitte
Bavarian Nordic,https://www.bavarian-nordic.com/media/363807/bn_annual_report_2024.pdf,Denmark,Health Care,Biotechnology & Pharmaceuticals,2025-03-05,72,KPMG
Bayer,https://www.bayer.com/sites/default/files/2025-03/bayer-annual-report-2024.pdf,Germany,Health Care,Biotechnology & Pharmaceuticals,2025-03-05,144,Deloitte
BBVA,https://shareholdersandinvestors.bbva.com/wp-content/uploads/2025/02/5_2_ENG_2024_Consolidated_Annual_Accounts_and_Management_Report.pdf,Spain,Financials,Commercial Banks,2025-02-14,340,EY
Benefit Systems*,https://corp.benefitsystems.pl/fileadmin/benefitsystems/relacje_inwestorskie/Raporty_okresowe/2024/12M/Skonsolidowany/ENG/Directors__Report_on_the_Operations_of_the_Benefit_Systems_Group_for_2024.pdf,Poland,Services,Professional & Commercial Services,2025-04-08,89,KPMG
BMW*,https://www.bmwgroup.com/content/dam/grpw/websites/bmwgroup_com/ir/downloads/en/2025/bericht/BMW-Group-Report-2024-en.pdf,Germany,Transportation,Automobiles,2025-03-14,155,PwC
BNP Paribas,https://invest.bnpparibas/en/document/universal-registration-document-annual-financial-report-2024-pdf,France,Financials,Commercial Banks,2025-03-20,196,Deloitte & EY
Borealis*,https://www.borealisgroup.com/storage/Company/About-Borealis/Annual-Report/Borealis-Group-Annual-Report-2024-EN.pdf,Austria,Resource Transformation,Chemicals,2025-04-07,179,KPMG
Brenntag*,https://brenntagprod-media.e-spirit.cloud/06432017-be1f-41ce-8d1d-564e2a66d213/preview/documents/corporate/investor-relations/2024/annual-report-2024/brenntag_annual-report-2024_en.pdf#page=103,Germany,Resource Transformation,Chemicals,2025-03-12,61,Deloitte
BW Offshore*,https://ml-eu.globenewswire.com/Resource/Download/7096fd21-1cf0-44b9-945c-ed6058c869a5,Bermuda,Transportation,Marine Transportation,2025-02-27,108,KPMG
Caixabank,https://www.caixabank.com/deployedfiles/caixabank_com/Estaticos/PDFs/Accionistasinversores/Informacion_economico_financiera/Informe_de_Gestion_Consolidado_2024_ENG.pdf,Spain,Financials,Commercial Banks,2025-02-20,388,PwC
Capgemini*,https://investors.capgemini.com/en/file/28667?download=1,France,Technology & Communications,Software & IT Services,2025-03-21,233,Forvis Mazars
Carlsberg,https://attachment.news.eu.nasdaq.com/aa5bd828cb018ada1539307f9ac6d8d70,Denmark,Food & Beverage,Alcoholic Beverages,2025-02-06,59,PwC
CD PROJEKT*,https://www.cdprojekt.com/en/wp-content/uploads-en/2025/03/management-board-report-on-cd-projekt-group-activities-in-2024.pdf#page=87,Poland,Technology & Communications,Software & IT Services,2025-03-25,58,Grant Thornton
Cellnex,https://informeanualintegrado.cellnex.com/files/2024/Informe_Anual_Integrado_2024_EN.pdf,Spain,Technology & Communications,Telecommunication Services,2025-02-26,305,Deloitte
CNP assurances*,https://www.cnp.fr/en/cnp/content/download/12774/file/CNP-Assurances-SA-and-subsidiaries-2024-URD.pdf,France,Financials,Insurance,2025-02-27,162,KPMG & Forvis Mazars
Coca Cola HBC,https://www.coca-colahellenic.com/content/dam/cch/us/documents/oar2024/cchbc-iar-2024.pdf.downloadasset.pdf,Switzerland,Food & Beverage,Non-Alcoholic Beverages,2025-03-14,132,PwC
Coface*,https://www.coface.com/content/download/77767/file/2025%2003%2004%20COFACE%20URD%202024%20UK%20Web.pdf,France,Financials,Insurance,2025-04-04,155,Deloitte
Commerzbank,https://investor-relations.commerzbank.com/media/document/b986ba5a-dc1d-41a7-a708-dc3a010ecc32/assets/Commerzbank_Group_Annual_Report_2024.pdf?disposition=inline,Germany,Financials,Commercial Banks,2025-03-26,255,KPMG
Continental*,https://annualreport.continental.com/2024/en/service/docs/annual-report-2024-data.pdf,Germany,Transportation,Auto Parts,2025-03-18,125,PwC
Copenhagen Airport,https://www.cph.dk/494193/globalassets/8.-om-cph/04_investor/arsrapporter/2024/copenhagen_airports_as_group_annual_report_2024.pdf,Denmark,Services,Professional & Commercial Services,2025-03-12,97,Deloitte
Covestro,https://annualreport.covestro.com/ecomaXL/files/Covestro_2024_GB_EN.pdf,Germany,Resource Transformation,Chemicals,2025-02-26,111,KPMG
Covivio*,https://files.webdisclosure.com/1325851/Covivio__2024_Universal_Registration_Document.pdf,France,Infrastructure,Real Estate,2025-04-04,231,EY
Crédit Agricole*,https://www.credit-agricole.com/en/pdfPreview/206105,France,Financials,Commercial Banks,2025-03-24,165,PwC & Forvis Mazars
Daimler Truck,https://www.daimlertruck.com/fileadmin/user_upload/documents/investors/reports/annual-reports/2024/daimler-truck-ir-annual-report-2024-incl-combined-management-report-dth-ag.pdf,Germany,Resource Transformation,Industrial Machinery & Goods,2025-03-13,98,KPMG
Danica Pension,https://danicapension.dk/-/media/pdf/danica-pension/dk/regnskaber/2024/q4/danica-pension-annual-report-2024.pdf?rev=7fbec4cf06824493aa2e8613b151c9ff&hash=26CE370EE0B9B4BE01BF8D0F11DE9F23,Denmark,Financials,Insurance,2025-02-07,70,Deloitte
Danone,https://www.danone.com/content/dam/corp/global/danonecom/investors/en-all-publications/2025/registrationdocuments/danoneuniversalregistrationdocument2024.pdf,France,Food & Beverage,Processed Foods,2025-03-11,296,Forvis Mazars
Danske Bank,https://attachment.news.eu.nasdaq.com/afa0c01ae4c477af4f872314fa841db48,Denmark,Financials,Commercial Banks,2025-02-07,84,Deloitte
Dassault Systèmes,https://investor.3ds.com/static-files/f4610f80-970f-4a88-ab8e-0df492444765?_gl=1*vquc5h*_up*MQ..*_ga*MjA0MjE4MDg3MC4xNzQzMDY3OTQ2*_ga_DYJDKXYEZ4*MTc0MzA2Nzk0NS4xLjEuMTc0MzA2Nzk2Mi4wLjAuMA..*_ga_39DKQ0LYW1*MTc0MzA2Nzk0NS4xLjEuMTc0MzA2Nzk2Mi4wLjAuMA..,France,Technology & Communications,Software & IT Services,2025-03-27,165,PwC
Deceuninck*,https://www.deceuninck.com/wp-content/uploads/2025/03/Deceuninck_AR2024_Online_FULL-EN.pdf,Belgium,Consumer Goods,Building Products & Furnishings,2025-03-25,54,PwC
Demant,https://assets-we.cas.dgs.com/-/media/demant/shared/new-library-2022/financial-reports/annual-report-english/demant-annual-report-2024_2.pdf?la=en&rev=0487&hash=BF20FE17B1586ABE0B06D808F899EC67,Denmark,Health Care,Medical Equipment & Supplies,2025-02-05,66,PwC
Deutsche Bank,https://investor-relations.db.com/files/documents/annual-reports/2024/Annual-Report-2024.pdf?language_id=1,Germany,Financials,Investment Banking & Brokerage,2025-03-13,159,EY
Deutsche Börse,https://www.deutsche-boerse.com/resource/blob/4171106/7a5fad7ee1436604fd073bb0b73df2d0/data/DBG-annual-report-2024.pdf,Germany,Financials,Security & Commodity Exchange,2025-03-20,65,PwC
Deutsche Lufthansa*,https://investor-relations.lufthansagroup.com/fileadmin/downloads/en/financial-reports/annual-reports/LH-AR-2024-e.pdf,Germany,Transportation,Airlines,2025-03-06,134,EY
Deutsche Telekom,https://www.telekom.com/resource/blob/1085970/9e25d438580a5e3f39521fd94ed5e48c/dt-24-annual-report-data.pdf,Germany,Technology & Communications,Telecommunication Services,2025-02-26,85,Deloitte
DFDS,https://downloads.ctfassets.net/mivicpf5zews/7bSRWp5LwAcKV701igh7Da/7219e15a8807443823915c05b6691a24/DFDS_ANNUAL_REPORT_2024.pdf,Denmark,Transportation,Marine Transportation,2025-02-21,74,PwC
DHL,https://group.dhl.com/content/dam/deutschepostdhl/en/media-center/investors/documents/annual-reports/DHL-Group-2024-Annual-Report.pdf,Germany,Transportation,Air Freight & Logistics,2025-03-06,67,Deloitte
Dino Polska*,https://grupadino.pl/wp-content/uploads/2025/04/Dino-Polska-Management-Boards-Activity-Report-for-2024.pdf,Poland,Food & Beverage,Food Retailers & Distributors,2025-04-14,57,KPMG
DNB Bank*,https://www.ir.dnb.no/sites/default/files/pr/202503192798-2.pdf,Norway,Financials,Commercial Banks,2025-03-14,147,EY
DNV*,https://brandcentral.dnv.com/download/DownloadGateway.dll?h=BE1B38BB718539CC0AB58A5FF2EA7A83C162393C30B73CE3932AED14E5BA3C3F6A2AE5888D961BDF58312E163C46142E,Norway,Services,Professional & Commercial Services,2025-03-26,87,KPMG
DSB,https://www.dsb.dk/globalassets/arsrapport/2024/annual-report-2024.pdf,Denmark,Transportation,Rail Transportation,2025-02-07,106,EY
dsm-firmenich*,https://annualreport.dsm-firmenich.com/2024/_assets/downloads/entire-dsmfirmenich-iar24.pdf,Switzerland,Resource Transformation,Chemicals,2025-02-28,56,KPMG
DSV,https://investor.dsv.com/static-files/d34d3dfc-e1fe-4a25-a2c8-9d736830025a,Denmark,Transportation,Air Freight & Logistics,2025-02-04,43,PwC
DZ BANK*,https://annualreport.dzbank.com/sites/default/files/2025-03/DZBANK_Group_AR2024.pdf,Germany,Financials,Commercial Banks,2025-03-28,320,PwC
E.ON,https://www.eon.com/content/dam/eon/eon-com/eon-com-assets/documents/investor-relations/en/annual-report/GB24-gesamt-EN_final.pdf,Germany,Infrastructure,Electric Utilities & Power Generators,2025-02-26,54,KPMG
Edison,"https://www.edison.it/sites/default/files/documents/2024%20Financial%20Report_Volume1_Management,%20Sustainability%20and%20Governance_internet.pdf",Italy,Infrastructure,Electric Utilities & Power Generators,2025-02-28,160,KPMG
EDP - Energias de Portugal*,https://www.edp.com/sites/default/files/2025-03/Integrated%20Annual%20Report%202024%20-%20Unofficial%20Version%20-%20Unaudited.pdf,Portugal,Infrastructure,Electric Utilities & Power Generators,2025-03-14,279,PwC
EDP Renováveis*,https://www.edpr.com/sites/edpr/files/2025-02/EDPR_AnnualReport2024.pdf,Portugal,Infrastructure,Electric Utilities & Power Generators,2025-03-10,209,PwC
Elisa,https://static.elisa.com/v2/image/2tqybbhjs47b/1V94t8IZNr8wdpClnbdS02/Elisa_AnnualReport_2024.pdf,Finland,Technology & Communications,Telecommunication Services,2025-02-26,66,EY
ELO,https://groupe-elo.com/app/uploads/2025/02/RFA_ELO_2024_EN-1.pdf,France,Food & Beverage,Food Retailers & Distributors,2025-03-07,372,PwC & KPMG
Enagas*,https://www.enagas.es/content/dam/enagas/en/files/enagas-communication-room/publications/informe-anual/Annual-Report-2024-Enagas.pdf,Spain,Extractives & Mineral Processing,Oil & Gas – Midstream,2025-03-14,218,EY
EnBW Energie Baden-Wuerttemberg*,https://www.enbw.com/media/report/report-2024/downloads/enbw-annual-report-2024.pdf,Germany,Infrastructure,Electric Utilities & Power Generators,2025-03-24,116,BDO
Endesa,https://www.endesa.com/content/dam/enel-es/endesa-en/home/investors/financialinformation/annualreports/documents/2024/consolidated-annual-report-endesa-2024.pdf,Spain,Infrastructure,Electric Utilities & Power Generators,2025-02-25,265,KPMG
Engie*,https://www.engie.com/sites/default/files/assets/documents/2025-03/ENGIE_DEU_2024_US__PDF_MEL_v3.pdf,France,Infrastructure,Electric Utilities & Power Generators,2025-03-17,156,Deloitte & EY
Eni*,https://www.eni.com/content/dam/enicom/documents/eng/reports/2024/ar-2024/Annual-Report-2024.pdf,Italy,Extractives & Mineral Processing,Oil & Gas – Exploration & Production,2025-04-04,140,PwC
EPSO-G*,https://www.epsog.lt/uploads/documents/files/finansine-informacija/EPSO-G%20management%20report%202024.pdf,Lithuania,Infrastructure,Electric Utilities & Power Generators,2025-03-31,88,PwC
Equinor,https://cdn.equinor.com/files/h61q9gi9/global/16ccbc5a098c3b971979118420c4f83ddee18fb4.pdf?annual-report-2024-equinor.pdf,Norway,Extractives & Mineral Processing,Oil & Gas – Exploration & Production,2025-03-20,103,EY
Erste Group Bank*,https://cdn0.erstegroup.com/content/dam/at/eh/www_erstegroup_com/en/Investor_Relations/onlinear2024/ar24reports/AR2024_FINAL_en.pdf?forceDownload=1,Austria,Financials,Commercial Banks,2025-02-28,212,PwC
EssilorLuxottica*,https://www.essilorluxottica.com/en/cap/content/247426/,France,Health Care,Medical Equipment & Supplies,2025-03-10,154,PwC
Etteplan*,https://mb.cision.com/Main/11766/4120224/3326232.pdf,Finnland,Resource Transformation,Industrial Machinery & Goods,2025-03-18,79,KPMG
Eurocash*,https://stecwwwprod001.blob.core.windows.net/public/2025-04-03/RaportRoczny2024EN.pdf,Poland,Food & Beverage,Food Retailers & Distributors,2025-04-03,127,Grant Thornton
European Energy,https://europeanenergy.com/wp-content/uploads/2025/02/annual-report-2024.pdf,Denmark,Renewable Resources & Alternative Energy,Wind Technology & Project Developers,2025-02-28,93,KPMG
Evonik,https://www.evonik.com/content/dam/evonik/documents/Evonik_Financial_and_Sustainability_Report_2024.pdf.coredownload.pdf?,Germany,Resource Transformation,Chemicals,2025-03-05,133,KPMG
Ferrari,https://cdn.ferrari.com/cms/network/media/pdf/Ferrari%20NV%20Annual%20Report%202024.pdf?_gl=1*1fffess*_ga*MTE3OTk5NDUyLjE3NDAzOTU5MTY.*_ga_JM1HT9B412*MTc0MDM5NTkxNi4xLjEuMTc0MDM5NjAyNy4wLjAuNjU4OTU2Njky,Italy,Transportation,Automobiles,2025-02-21,123,Deloitte
Ferrovial,https://static-iai.ferrovial.com/wp-content/uploads/sites/13/2025/02/28150113/ferrovial-integrated-annual-report-2024-1.pdf,Spain,Infrastructure,Engineering & Construction Services,2025-02-28,146,EY
Fingrid*,https://www.fingrid.fi/globalassets/dokumentit/en/annual-report/2024/fingrid_oyj_annual_report_2024.pdf,Finland,Infrastructure,Electric Utilities & Power Generators,2025-03-18,81,KPMG
FinnAir,https://investors.finnair.com/~/media/Files/F/Finnair-IR-V2/documents/en/reports-and-presentation/2024/finnair-financial-information-2024.pdf,Finland,Transportation,Airlines,2025-02-28,109,KPMG
Fiskars*,https://fiskarsgroup.com/wp-content/uploads/2025/02/FiskarsGroup_Annual_Report_2024.pdf,Finland,Consumer Goods,Appliance Manufacturing,2025-02-18,102,EY
FLSmidth,https://ml-eu.globenewswire.com/Resource/Download/c8fc5716-0f20-43f0-97da-6575ad0c76af,Denmark,Infrastructure,Engineering & Construction Services,2025-02-20,70,EY
FMO*,https://annualreport.fmo.nl/external/asset/download/project/f9a9530a-03ed-0000-7f0a-349612781de1/name/FMO%20Annual%20Report%202024_complete_LR.pdf,Netherlands,Financials,Investment Banking & Brokerage,2024-03-25,128,EY
Fnac Darty*,https://www.fnacdarty.com/wp-content/uploads/2025/03/fnac-darty-urd-2024-eng.pdf,France,Consumer Goods,Multiline and Specialty Retailers & Distributors,2025-03-10,138,KPMG & Deloitte
Fortum,https://www.fortum.com/files/fortum-financials-2024,Finland,Infrastructure,Electric Utilities & Power Generators,2025-02-17,74,Deloitte
freenet*,https://www.freenet.ag/binaries/_ts_1743061697640/content/assets/freenetgroup/pdf/ir-englisch/finanzberichte/2024/freenet-gb-2024-en-web.pdf,Germany,Technology & Communications,Telecommunication Services,2025-03-27,76,KPMG
Fresenius,https://www.fresenius.com/sites/default/files/2025-03/Fresenius_Annual_Report_2024.pdf,Germany,Health Care,Health Care Delivery,2025-03-26,154,PwC
Fresenius Medical,https://freseniusmedicalcare.com/content/dam/fresenius-medical-care/global/en/04_media/pdf/publications/2024/FME_Annual_Report_2024_EN.pdf,Germany,Health Care,Health Care Delivery,2025-03-13,103,PwC
Fugro,https://annualreport.fugro.com/wp-content/uploads/2025/03/Fugro-Annual-Report-2024.pdf,Netherlands,Extractives & Mineral Processing,Oil & Gas – Services,2025-03-07,63,EY
GBL Groupe Bruxelles Lambert*,https://www.gbl.com/en/media/4197/GBL_RA2024_ESG_EN.pdf,Belgium,Financials,Asset Management & Custody Activities,2025-04-09,614,PwC
GEA,https://cdn.gea.com/-/media/investors/annual-report/2024/annual-report-2024-en.pdf?rev=d32047c550ae45919338a9b4b2a2f1b7,Germany,Resource Transformation,Industrial Machinery & Goods,2025-03-11,172,PwC
Genmab,https://attachment.news.eu.nasdaq.com/aea8fb1fc8552902fb0e68d02f3c1b189,Denmark,Health Care,Biotechnology & Pharmaceuticals,2025-02-12,57,Deloitte
Gjensidige Forsikring*,https://mb.cision.com/Public/1122/4106048/b2a2ba6ef26c7a42.pdf,Norway,Financials,Insurance,2025-02-14,112,Deloitte
Glenveagh Properties*,https://glenveagh.ie/download/2024-AR-interactive-pdf,Ireland,Infrastructure,Home Builders,2025-04-10,71,KPMG
GN Store Nord,https://www.gn.com/-/media/Files/Document-Download-Center/Corporate-governance/AR2024/GN-Annual-Report-2024.pdf,Denmark,Health Care,Medical Equipment & Supplies,2025-02-06,65,PwC
Grifols,https://www.cnmv.es/webservices/verdocumento/ver?e=qg%2bwsFsrxPu9L7bgiPACziJs3cK80xVpwaYndxidzOuEhY8wWp9yOrsFup0pipEp,Spain,Health Care,Biotechnology & Pharmaceuticals,2025-02-25,235,Deloitte
Groupe BPCE*,https://www.groupebpce.com/app/uploads/2025/03/bpce-urd-2024.pdf,France,Financials,Commercial Banks,2025-03-28,347,PwC & Forvis Mazars
Grupa Pracuj*,https://grupapracuj.pl/file/d9e1682f-2096-41fc-a378-b7051eec0c20,Poland,Services,Professional & Commercial Services,2025-03-27,88,EY
Hapag Lloyd,https://www.hapag-lloyd.com/content/dam/website/downloads/ir/HLAG_FY_2024_EN.pdf,Germany,Transportation,Marine Transportation,2025-03-07,175,KPMG
Heineken,https://www.theheinekencompany.com/sites/heineken-corp/files/2025-02/heineken_n_v_annual_report_2024_final_20feb2025.pdf,Netherlands,Food & Beverage,Alcoholic Beverages,2025-02-20,148,Deloitte
Helvetia,https://www.helvetia.com/content/dam/os/corporate/web/documents/investor-relations/annual-results/2024/annual-report-2024.pdf,Switzerland,Financials,Insurance,2025-03-06,185,KPMG
Hensoldt*,https://annualreport.hensoldt.net/resource/PDF/HENSOLDT_AG_Annual_Report_2024.pdf,Germany,Technology & Communications,Semiconductors,2025-03-27,59,KPMG
Hermes*,https://assets-finance.hermes.com/s3fs-public/node/pdf_file/2025-03/1743171341/250328_hermes_urd2024_en.pdf?VersionId=ZZZMxGiUT7xHs0CZUKn6vrm0L1EvqtfS,France,Consumer Goods,"Apparel, Accessories & Footwear",2025-03-27,175,PwC
HKFoods*,https://www.hkfoods.com/globalassets/hkscan.com/3-investors---sijoittajat/vuosikatsaus-2024/02b_hkfoods_bodreport_financialstatements24_en_final.pdf ,Finland,Food & Beverage,"Meat, Poultry & Dairy",2025-02-28,88,EY
Hochtief*,https://www.hochtief.de/mmdbdownload?id=244795,Germany,Infrastructure,Engineering & Construction Services,2025-02-19,235,Deloitte
Hrvatski Telekom*,https://static.hrvatskitelekom.hr/webresources/tht/pdf/investitori/izvjesca/ANNUAL_REPORT_ENG_2024.pdf,Croatia,Technology & Communications,Telecommunication Services,2025-04-02,51,Deloitte
HSBC Continental Europe,https://www.hsbc.com/-/files/hsbc/investors/hsbc-results/2024/annual/pdfs/hsbc-continental-europe/250219-registration-document-and-annual-financial-report-2024-english.pdf,France,Financials,Commercial Banks,2025-02-19,109,PwC
Huhtamaki,https://www.huhtamaki.com/globalassets/global/investors/reports-and-presentations/en/2024/huhtamaki-annual-report-2024.pdf,Finland,Resource Transformation,Containers & Packaging,2025-03-11,73,KPMG
IAG,https://www.iairgroup.com/media/4qxgaavc/iag-annual-report-and-accounts-2024.pdf,United Kingdom,Transportation,Airlines,2025-03-06,69,KPMG
Iberdrola,https://www.iberdrola.com/documents/20125/42388/IB_Sustainability_Report.pdf,Spain,Infrastructure,Electric Utilities & Power Generators,2025-02-28,413,KPMG
If P&C Insurance*,https://www.sampo.com/globalassets/year2024/if/if_annual_report_2024.pdf,Sweden,Financials,Insurance,2025-03-11,83,Deloitte
Ignitis*,https://ignitisgrupe.lt/sites/default/files/public/inline-files/Integrated%20Annual%20Report%202024_0.pdf,Lithuania,Infrastructure,Electric Utilities & Power Generators,2025-02-26,120,KPMG
IMCD*,https://www.imcdgroup.com/sfsites/c/cms/delivery/media/MC7UDWPIZYQFHHZGUQR3D6G4FBG4?version=1.2&channelId=0apJy00000002pp,Netherlands,Resource Transformation,Chemicals,2025-03-04,97,Deloitte
Imerys*,https://www.imerys.com/public/2025-03/Imerys-Universal-Registration-Document-2024-EN.pdf,France,Extractives & Mineral Processing,Metals & Mining,2025-03-27,172,Deloitte & PwC
Inditex,https://www.inditex.com/itxcomweb/api/media/604197b9-50de-4f4f-ab84-c1e379cb3fd0/Inditex_Group_Annual_Report_2024.pdf?t=1741989136588,Spain,Consumer Goods,"Apparel, Accessories & Footwear",2025-03-12,296,EY
ING,https://www.ing.com/Investors/Financial-performance/Annual-reports/2024/2024-ING-Groep-NV-annual-report.htm,Netherlands,Financials,Commercial Banks,2025-03-06,61,KPMG
InPost*,https://inpost.eu/sites/default/files/2025-03/InPost%20Raport%202024s.pdf,Luxembourg,Transportation,Air Freight & Logistics,2025-03-28,90,PwC
ISS,https://inv.issworld.com/static-files/e2fc0b84-da74-4077-a176-4c4ed0f6364c,Denmark,Services,Professional & Commercial Services,2025-02-20,52,PwC
Iveco*,https://www.ivecogroup.com/-/media/investors/shareholder_meetings/docs/agm_2025/doc/IVG_Annual_Report_2024.pdf?rev=c295e4c8117c4cbe9305ff93a3264b4c,Netherlands,Transportation,Automobiles,2025-03-05,128,Deloitte
Jungheinrich*,https://media-live2.prod.scw.jungheinrichcloud.com/resource/blob/1945362/b99eaa2a05fb89cc1a9ba7e22002593e/download-jungheinrich-geschaeftsbericht-2024-data.pdf,Germany,Resource Transformation,Industrial Machinery & Goods,2025-03-27,75,PwC
K+S,https://www.kpluss.com/.downloads/ir/2025/kpluss-annual-report-2024.pdf,Germany,Resource Transformation,Chemicals,2025-03-13,94,PwC
Kalmar Global,https://www.kalmarglobal.com/492e6a/contentassets/0777d969294a496686cf652379c24e08/kalmar-annual-report-2024.pdf,Finland,Resource Transformation,Industrial Machinery & Goods,2025-03-04,51,EY
Kemira,https://mb.cision.com/Main/19578/4109438/3278726.pdf,Finland,Resource Transformation,Chemicals,2025-02-21,77,EY
Kempower*,https://investors.kempower.com/wp-content/uploads/sites/2/2025/04/kempower_annual_report_2024.pdf',Finnland,Resource Transformation,Electrical & Electronic Equipment,2025-04-02,106,EY
Kering,https://www.kering.com/api/download-file/?path=Kering_2024_URD_EN_f8c45e2e74.pdf,France,Consumer Goods,"Apparel, Accessories & Footwear",2025-03-15,110,Deloitte & PwC
Kesko,https://www.kesko.fi/493454/globalassets/03-sijoittaja/raporttikeskus/2025/q1/vuosiraportti-2024/kesko_annual_report_2024.pdf,Finland,Food & Beverage,Food Retailers & Distributors,2025-02-28,71,Deloitte
Kingspan,https://annual-report.kingspan.com/wp-content/uploads/2025/02/KIngpsan-AR24.pdf,Ireland,Consumer Goods,Building Products & Furnishings,2025-02-25,49,EY
KION Group,https://reports.kiongroup.com/2024/ar/_assets/downloads/2024-Q4_Annual-Report_KION_Group.pdf?h=VEHUIzFO,Germany,Resource Transformation,Industrial Machinery & Goods,2025-02-26,130,KPMG
Knorr-Bremse*,https://ir-api.eqs.com/media/document/055f8df8-0727-4d65-968e-ffb3b7b87a35/assets/Knorr-Bremse_AG_Geschaeftsbericht_2024_safe.pdf?disposition=inline,Germany,Resource Transformation,Industrial Machinery & Goods,2025-03-20,79,KPMG
Kone,https://www.kone.com/en/Images/KONE_Sustainability%20Statement_2024_tcm17-134329.pdf,Finland,Resource Transformation,Industrial Machinery & Goods,2025-02-14,54,EY
Konecranes,https://investors.konecranes.com/sites/konecranes/files/Annual_report_2024/governance_and_financial_review_2024.pdf,Finland,Resource Transformation,Industrial Machinery & Goods,2025-02-28,85,EY
KPN,https://www.jaarverslag2024.kpn/downloads/KPN-integrated-annual-report-2024_2025-02-21-143127_spyv.pdf,Netherlands,Technology & Communications,Telecommunication Services,2025-02-24,117,EY
Lanxess,https://lanxess.com/-/media/project/lanxess/corporate-internet/investors/reporting/2024/lxs_ar-2024_en_web.pdf,Germany,Resource Transformation,Chemicals,2025-03-20,138,KPMG
Lenzing*,https://reports.lenzing.com/geschaefts-und-nachhaltigkeitsbericht/2024/_assets/downloads/entire-lenzing-gb24.pdf?h=IrQy2_XM,Austria,Resource Transformation,Chemicals,2025-03-14,201,KPMG
Leonardo*,https://www.leonardo.com/documents/15646808/28608810/2024+Integrated+Annual+Report.pdf?t=1741973243807,Italy,Resource Transformation,Aerospace & Defence,2025-03-11,112,EY
LPP*,https://wwwlpp62711ea95a.blob.core.windows.net/blobwwwlpp62711ea95a/wp-content/uploads/2025/04/Consolidated-annual-report-of-LPP-SA-Group-for-2024.pdf,Poland,Consumer Goods,"Apparel, Accessories & Footwear",2025-04-03,102,Grant Thornton
Lundbeck,https://www.lundbeck.com/content/dam/lundbeck-com/masters/global-site/global-site/investors/2024/fy24/Lundbeck%20Annual%20Report%202024.pdf,Denmark,Health Care,Biotechnology & Pharmaceuticals,2025-02-04,86,PwC
LVMH,https://lvmh-com.cdn.prismic.io/lvmh-com/Z-PY3HdAxsiBv6wN_UniversalRegistrationDocument2024.pdf,France,Consumer Goods,"Apparel, Accessories & Footwear",2025-03-26,194,Deloitte
L’Oréal,https://www.loreal-finance.com/system/files/2025-03/2024_Universal_Registration_Document_LOREAL.pdf,France,Consumer Goods,Household & Personal Products,2025-03-24,98,Deloitte & EY
Mapfre,https://www.mapfre.com/media/shareholders/2025/consolidated-annual-account-2024.pdf,Spain,Financials,Insurance,2025-02-14,268,KPMG
Mercedes-Benz*,https://group.mercedes-benz.com/documents/investors/reports/annual-report/mercedes-benz/mercedes-benz-annual-report-2024-incl-combined-management-report-mbg-ag.pdf,Germany,Transportation,Automobiles,2025-03-11,145,PwC
Merck,https://www.merckgroup.com/en/annualreport/2024/_assets/downloads/entire-merck-ar24.pdf,Germany,Health Care,Biotechnology & Pharmaceuticals,2025-03-06,193,Deloitte
Metsä*,https://www.metsagroup.com/globalassets/metsa-group/documents/investors/financial-reporting/annual-reports/2024/metsa-group-annual-review-2024.pdf,Finland,Renewable Resources & Alternative Energy,Pulp & Paper Products,2025-02-20,46,KPMG
Michelin*,https://dgaddcosprod.blob.core.windows.net/cxf-corporate/attachments/qanvhgnu5jlaiw98oi5q1kzi-2024-universal-registration-document.pdf,France,Transportation,Auto Parts,2025-04-07,141,Deloitte & PwC
Minor Hotels Europe & Americas*,https://www.nh-hotels.com/corporate/assets/uploads/2025/02/18103106/Annual-Report-2024-inc.-FS-and-Management-report-with-sustainability-con-informe.pdf,Spain,Services,Hotels & Lodging,2025-02-13,298,PwC
MT Højgaard Holding,https://mthh.dk/app/uploads/2025/02/MTHH_AR24_UK.pdf,Denmark,Infrastructure,Engineering & Construction Services,2025-02-20,65,EY
MTU Aero Engines,https://www.mtu.de/fileadmin/DE/5_Investoren/Financial_Report/MTUAeroEnginesAG_AnnualReport_2024_en_locked.pdf,Germany,Resource Transformation,Aerospace & Defence,2025-03-25,103,KPMG
Multiconsult*,https://www.multiconsultgroup.com/globalassets/group/reports-annual/multiconsult---annual-report-2024_f41-web.pdf,Norway,Infrastructure,Engineering & Construction Services,2025-03-18,35,Deloitte
Munich Re,https://www.munichre.com/content/dam/munichre/mrwebsiteslaunches/2024-annual-report/MunichRe-Group-Annual-Report-2024-en.pdf/_jcr_content/renditions/original./MunichRe-Group-Annual-Report-2024-en.pdf,Germany,Financials,Insurance,2025-03-19,103,EY
Mærsk,https://attachment.news.eu.nasdaq.com/a55930e697748fe58026d7b8502d7c330,Denmark,Transportation,Marine Transportation,2025-02-06,83,PwC
Neste,https://www.neste.com/files/pdf/3kFaGuHcQk8hRDLS6tlvqF-Neste_Annual_Report_2024.pdf,Finland,Extractives & Mineral Processing,Oil & Gas – Refining & Marketing,2025-02-28,50,KPMG
Netcompany,https://netcompany.com/investor/annual-report/,Denmark,Technology & Communications,Internet Media & Services,2025-01-29,93,EY
NIBC Bank*,https://nibc.com/media/ys4npn2p/annual-report-nibc-bank-nv-2024.pdf,Netherlands,Financials,Commercial Banks,2025-03-07,54,EY
Nilfisk,https://investor.nilfisk.com/static-files/078eaffc-1f0e-406b-aace-9f6217cc0f0a,Denmark,Resource Transformation,Industrial Machinery & Goods,2025-02-20,71,Deloitte
NKT,https://investors.nkt.com/static-files/6b835bd3-42ed-4b20-a68a-9bedb587aa13,Denmark,Resource Transformation,Electrical & Electronic Equipment,2025-02-21,60,PwC
NN*,https://www.nn-group.com/article-display-on-page-no-index/nn-group-annual-report-2024.htm,Netherlands,Financials,Insurance,2025-03-13,123,KPMG
NNIT,https://www.nnit.com/media/50fpzrik/nnit-annual-report-2024.pdf,Denmark,Technology & Communications,Software & IT Services,2025-02-19,75,EY
Nokia,https://www.nokia.com/system/files/2025-03/nokia-annual-report-2024.pdf,Finland,Technology & Communications,Hardware,2025-03-14,105,Deloitte
Nokian Tyres,https://nokiantyres.studio.crasman.cloud/pub/Corporate%20Web/PDF/Annual%20Reports/Nokian_Tyres_Annual_Report_2024.pdf,Finland,Transportation,Auto Parts,2025-03-03,102,EY
Nordea,https://www.nordea.com/en/doc/annual-report-nordea-bank-abp-2024-0.pdf,Finland,Financials,Commercial Banks,2025-02-24,111,PwC
Nordex*,https://ir-api.eqs.com/media/document/61605c82-da3a-4001-977c-94c45b199b0a/assets/DE000A0D6554-JA-2024-EQ-E-01.pdf?disposition=inline,Germany,Renewable Resources & Alternative Energy,Wind Technology & Project Developers,2025-02-27,130,KPMG
Norsk Hydro,https://www.hydro.com/globalassets/06-investors/reports-and-presentations/annual-report/nhy-2024/integrated-annual-report-2024-en.pdf,Norway,Extractives & Mineral Processing,Metals & Mining,2025-02-14,73,KPMG
NOS,https://www.nos.pt/content/dam/nos/institucional/investidores/investidores_en/results-presentations/results-documents/2024/4q24/2024-Integrated-Annual-Report.pdf,Portugal,Technology & Communications,Telecommunication Services,2025-03-14,239,KPMG
Novo Banco*,https://www.cmvm.pt/PInstitucional/PdfVierInfPriv?Input=1E2FC1FC82B57A069BCC2BC347C38083FFC6DE4E73037CF7F9686EBB72C982B7,Portugal,Financials,Commercial Banks,2025-03-06,225,EY
Novo Nordisk,https://www.novonordisk.com/content/dam/nncorp/global/en/investors/irmaterial/annual_report/2025/novo-nordisk-annual-report-2024.pdf,Denmark,Health Care,Biotechnology & Pharmaceuticals,2025-02-05,54,Deloitte
Novonesis,https://media.novonesis.com/Novonesis_Annual_Report_2024.pdf,Denmark,Health Care,Biotechnology & Pharmaceuticals,2025-02-26,70,EY
NWB Bank,https://nwbbank.com/application/files/7617/4235/8276/NWB_Bank_Annual_Report_2024.pdf,Netherlands,Financials,Commercial Banks,2025-02-14,67,EY
Nykredit*,https://www.nykredit.com/siteassets/ir/files/financial-reporting/financial-reports/nykredit/2024/nykredit_q4_24_2025-02-05_en.pdf,Denmark,Financials,Commercial Banks,2025-02-05,99,EY
OMV*,https://reports.omv.com/en/annual-report/2024/_assets/downloads/entire-omv-ar24.pdf?h=AXaBFK3e,Austria,Extractives & Mineral Processing,Oil & Gas – Refining & Marketing,2025-04-07,328,KPMG
Orange*,https://gallery.orange.com/finance/?od%3D270d12d1-9dd7-43a2-a480-1fed78f876c7%26om%3Dca6b8345-3c82-4d23-9a9c-5a238ae2015d%26v%3DsharedSelection%23ss%3Dbd9c85cd-0b0c-48b7-8433-3848ef8eadca&sa=D&source=editors&ust=1743531754328749&usg=AOvVaw0Zt1jtBUA3RFGzpKsBTRJ4,France,Technology & Communications,Telecommunication Services,2025-03-27,138,KPMG & Deloitte
Orion*,https://www.orionpharma.com/493e39/globalassets/investors/reports-and-presentations/2024/orion-financial-statement-documents-2024.pdf,Finland,Health Care,Medical Equipment & Supplies,2025-03-11,82,KPMG
Palfinger*,https://assets.palfinger.com/importdata/corporate/newsroom/en/reports/2024/b7-qv9-x2z/Annual_Report_2024.pdf,Austria,Resource Transformation,Industrial Machinery & Goods,2025-03-05,110,PwC
Pandora*,https://ml-eu.globenewswire.com/Resource/Download/edd04a03-bc89-4cc9-8924-4439f5efd4b0,Denmark,Consumer Goods,"Apparel, Accessories & Footwear",2025-02-05,55,EY
PFA*,https://english.pfa.dk/-/media/pfa-v2/english/documents/about-pfa/financial-information/annual-reports/pfa-holding-annual-report-2024.pdf?rev=41de44133c3b4aea951ff797af91084a,Denmark,Financials,Insurance,2025-02-06,99,EY
Philips,https://www.results.philips.com/publications/ar24/downloads/files/en/PhilipsFullAnnualReport2024-English.pdf?v%3D20250221111026&sa=D&source=editors&ust=1740414875713543&usg=AOvVaw03JVrsRo5pGqKO9bnEsL-L,Netherlands,Infrastructure,Electric Utilities & Power Generators,2025-02-21,85,EY
Porsche,https://a.storyblok.com/f/274296/x/0511322a0f/annual-and-sustainability-report-2024_porsche-ag-consolidated-financial-statements-ifrs.pdf,Germany,Transportation,Automobiles,2025-03-12,89,EY
PostNL,https://annualreport.postnl.nl/2024/xmlpages/tan/files?p_file_id=438,Netherlands,Transportation,Air Freight & Logistics,2025-02-24,129,KPMG
ProCredit Holding*,https://www.procredit-holding.com/wp-content/uploads/2025/04/Annual-Report-2024.pdf?t=1744442769,Germany,Financials,Commercial Banks,2025-03-27,147,BDO
Prosegur,https://www.prosegurcash.com/dam/jcr:b7b04d09-dbaf-41cb-8586-291a24cb4617/CCAACC%202024%20Prosegur%20Cash%20-EN-.pdf,Spain,Services,Professional & Commercial Services,2025-02-28,209,EY
ProSiebenSat.1 Media*,https://www.prosiebensat1.com/files/2025/03/13/218da4bb-c422-47d0-8d63-be38de97a721.pdf,Germany,Services,Media & Entertainment,2025-03-06,87,PwC
Prysmian,https://www.prysmian.com/sites/www.prysmian.com/files/media/documents/Integrated_Annual_Report_2024_Prysmian_ENG_3.pdf,Italy,Resource Transformation,Electrical & Electronic Equipment,2025-03-10,300,EY
Puma,https://about.puma.com/sites/default/files/financial-report/2024/puma-annual-report-2024-en-final_0.pdf,Germany,Consumer Goods,"Apparel, Accessories & Footwear",2025-03-12,144,KPMG
Rabobank,https://media.rabobank.com/m/6139dd32089f1983/original/Annual-Report-2024.pdf,Netherlands,Financials,Commercial Banks,2025-03-13,78,PwC
Raiffeisen Bank International,https://www.rbinternational.com/content/dam/rbi/ho/investors/results-reports/annual-reports/rbi/2025-02-25%202024%20RBI%20Annual%20Report.pdf.coredownload.pdf,Austria,Financials,Commercial Banks,2025-02-25,344,Deloitte
Randstad,https://www.randstad.com/s3fs-media/rscom/public/2025-02/Randstad_Annual_Report_2024_0.pdf?VersionId=Bv1eXfZPoZ64ddDZTJWm6THty81RB0EM,Netherlands,Services,Professional & Commercial Services,2025-02-12,60,Deloitte
RELX,https://www.relx.com/~/media/Files/R/RELX-Group/documents/reports/annual-reports/relx-2024-annual-report.pdf,United Kingdom,Services,Professional & Commercial Services,2025-02-20,35,EY
Renault*,https://assets.renaultgroup.com/uploads/2025/03/Renault_URD_2024_EN-V2.pdf,France,Transportation,Automobiles,2025-03-14,151,KPMG & Forvis Mazars
RENK Group*,https://ir.renk.com/media/document/30a5cdda-0c11-4afd-b650-2f1b67a0ec6a/assets/2024_RGA_Annnual_Report_01.pdf,Germany,Resource Transformation,Industrial Machinery & Goods,2025-03-26,71,PwC
Repsol,https://www.repsol.com/content/dam/repsol-corporate/en_gb/accionistas-e-inversores/informes-anuales/2024/consolidated-management-report-2024.pdf,Spain,Extractives & Mineral Processing,Oil & Gas – Exploration & Production,2025-02-20,204,PwC
Rexel,https://www.rexel.com/content/uploads/sites/2/2025/03/rexel-urd-202412-en.pdf,France,Resource Transformation,Industrial Machinery & Goods,2025-03-13,156,PwC & KPMG
Rheinmetall,https://ir.rheinmetall.com/media/document/0138f185-ccd4-4521-837b-e49cb68730b5/assets/DE0007030009-JA-2024-EQ-E-00.pdf,Germany,Resource Transformation,Aerospace & Defence,2025-03-12,61,Deloitte
Ringkjøbing Landbobank,https://attachment.news.eu.nasdaq.com/aba5d8f5b0b18efd66154512ade0b124d,Denmark,Financials,Commercial Banks,2025-02-05,99,PwC
Rockwool,https://attachment.news.eu.nasdaq.com/af5fffe3ef739e79c3c46ee2c49f2ab9a,Denmark,Consumer Goods,Building Products & Furnishings,2025-02-06,80,PwC
Royal Ahold Delhaize*,https://www.aholddelhaize.com/media/0hsbqnl1/annual-report-2024-ahold-delhaize-hi_res.pdf,Netherlands,Food & Beverage,Food Retailers & Distributors,2025-02-26,124,KPMG
Royal Schiphol*,https://downloads.ctfassets.net/biom0eqyyi6b/4dK3ANlskFq31RXtEu9oyP/1a9b38969bfacf5a5bd75bd0c1f7d839/Schiphol_Group_Annual_Report_2024.pdf,Netherlands,Transportation,Air Freight & Logistics,2025-02-11,103,EY
Royal Unibrew,https://investor.royalunibrew.com/static-files/44a7f883-b6b8-4f5e-a8b6-1148ba00cf65,Denmark,Food & Beverage,Alcoholic Beverages,2025-02-25,70,Deloitte
RWE,https://www.rwe.com/-/media/RWE/documents/05-investor-relations/finanzkalendar-und-veroeffentlichungen/2024-gj/2025-03-20-rwe-annual-report-2024.pdf,Germany,Infrastructure,Electric Utilities & Power Generators,2025-03-20,113,Deloitte
SAFRAN*,https://www.safran-group.com/download/media/447681,France,Resource Transformation,Aerospace & Defence,2025-03-28,124,Forvis Mazars & EY
Saint-Gobain,https://www.saint-gobain.com/sites/saint-gobain.com/files/media/document/Saint-Gobain_2024_DEU_VA.pdf,France,Extractives & Mineral Processing,Construction Materials,2025-03-12,130,Deloitte
Sampo*,https://www.sampo.com/globalassets/year2024/group/sampo2024_board_report_financial_statements.pdf,Finland,Financials,Insurance,2025-03-18,79,Deloitte
Sanofi,https://www.sanofi.com/assets/dotcom/content-app/publications/esg-reports/sustainability-statement-2024--ESG-Report-.pdf,France,Health Care,Biotechnology & Pharmaceuticals,2025-02-13,153,PwC & Forvis Mazars
Santander Bank Polska*,https://www.santander.pl/regulation_file_server/time20250307134205/download?id=168031&lang=en_US,Poland,Financials,Commercial Banks,2025-02-25,128,PwC
SAP,https://www.sap.com/docs/download/investors/2024/sap-2024-integrated-report.pdf,Germany,Technology & Communications,Software & IT Services,2025-02-27,114,BDO
Sartorius,https://www.sartorius.com/download/1661808/fy-2024-download-sag-annual-report-en-data.pdf,Germany,Health Care,Medical Equipment & Supplies,2025-02-18,100,PwC
Sartorius Stedim Biotech,https://www.sartorius.com/download/1662024/fy-2024-download-ssb-annual-report-en-data.pdf,France,Health Care,Medical Equipment & Supplies,2025-02-17,92,PwC
SBAB Bank*,https://www.sbab.se/download/18.113e0059190de94eea11876e/1742399889344/SBAB%20%C3%85R%202024_250320_ENG.pdf,Sweden,Financials,Commercial Banks,2025-03-18,97,Deloitte
SBM Offshore,https://2024.annualreport.sbmoffshore.com/,Netherlands,Extractives & Mineral Processing,Oil & Gas – Exploration & Production,2025-02-20,84,Deloitte
Schaeffler,https://www.google.com/url?sa=t&source=web&rct=j&opi=89978449&url=https://www.schaeffler.com/remotemedien/media/_shared_media_rwd/08_investor_relations/reports/2024_ar/2024_schaeffler_annual_report_en_4lcd3b.pdf&ved=2ahUKEwiKj8jG-ISMAxVoBNsEHTcREtYQFnoECBQQAQ&usg=AOvVaw0kqStG20MfxvWHVTT1SuC7,Germany,Transportation,Automobiles,2025-03-05,76,KPMG
Schneider Electric*,https://www.se.com/ww/en/assets/564/document/510443/2024-universal-registration-document.pdf?p_enDocType=Financial%20release&p_File_Name=Universal%20Registration%20Document%202024,France,Resource Transformation,Electrical & Electronic Equipment,2025-03-26,186,PwC & Forvis Mazars
Schoeller-Bleckmann Oilfield Equipment*,https://a.storyblok.com/f/321294/x/79d92ecb9f/ar-24_en_final.pdf,Austria,Extractives & Mineral Processing,Oil & Gas – Services,2025-03-20,204,KPMG
SEB,https://webapp.sebgroup.com/mb/mblib.nsf/alldocsbyunid/0C76B7571DFB23F5C1258C4900320544/$FILE/SEB_Annual_Report_2024_ENG.pdf,Sweden,Financials,Commercial Banks,2025-03-07,117,EY
Semperit*,https://www.semperitgroup.com/fileadmin/user_upload/MediaLibrary/SemperitGroup/Investor_relations/Annual_reports_EN/2024-Annual_Report.pdf,Austria,Resource Transformation,Industrial Machinery & Goods,2025-03-20,134,EY
Shell*,https://www.shell.com/investors/results-and-reporting/annual-report/_jcr_content/root/main/section_2113846431/link_list/links/item0.stream/1742873115632/6c20b8111738b9a590ba145f0d1c4fa0e530dae0/shell-annual-report-2024.pdf,United Kingdom,Extractives & Mineral Processing,Oil & Gas – Exploration & Production,2025-03-25,100,EY
Signify,https://www.signify.com/static/2024/signify-annual-report-2024.pdf,Netherlands,Resource Transformation,Electrical & Electronic Equipment,2025-02-25,84,EY
Sitowise*,https://www.sitowise.com/sites/default/files/2025-03/Sitowise-Annual%20Review-2024-en.pdf,Finland,Infrastructure,Engineering & Construction Services,2025-03-12,66,KPMG
SNCF*,https://www.groupe-sncf.com/medias-publics/2025-03/full-year-financial-report-2024-sncf-group.pdf?VersionId=em7qXJkw0zqwqOzffEZLKpir87yxVsm0,France,Transportation,Rail Transportation,2025-03-10,208,PwC & EY
Société Générale,https://www.societegenerale.com/sites/default/files/documents/2025-03/universal-registration-document-2025.pdf,France,Financials,Commercial Banks,2025-03-14,114,PwC & KPMG
Solar,https://attachment.news.eu.nasdaq.com/ac073c660b3bd956ce9df491a4fba278b,Denmark,Renewable Resources & Alternative Energy,Solar Technology & Project Developers,2025-02-06,55,Deloitte
Sonae*,https://www.sonae.pt/fotos/dados_fin/sonae_annual_report_2024_153160969667ef95e9352db.pdf,Portugal,Food & Beverage,Food Retailers & Distributors,2025-04-03,187,PwC
Sopra Steria,https://www.soprasteria.com/docs/librariesprovider2/sopra-steria-corporate/finance/rapports-financiers/sopra_steria_urd_2024_en_opti.pdf?sfvrsn=e57d27db_16,France,Technology & Communications,Software & IT Services,2025-03-14,144,ACA Nexia & Saint Front
Spar Nord Bank,https://attachment.news.eu.nasdaq.com/a264f5d299b19a040d919cc23445a0fcb,Denmark,Financials,Commercial Banks,2025-02-05,60,Deloitte
Statkraft,https://www.statkraft.com/globalassets/0/.com/6-investor-relations/reports-and-presentations/2024/q4/statkraft-as---annual-report-2024.pdf,Norway,Infrastructure,Electric Utilities & Power Generators,2025-03-04,121,PwC
Stedin*,https://www.stedingroep.nl/-/media/project/groep/files/stedin_group_annual_report_2024.pdf,Netherlands,Infrastructure,Electric Utilities & Power Generators,2025-03-31,61,Deloitte
Stellantis,https://www.stellantis.com/content/dam/stellantis-corporate/investors/financial-reports/Stellantis-NV-20241231-Annual-Report.pdf,Netherlands,Transportation,Automobiles,2025-02-27,106,Deloitte
Stora Enso,https://www.storaenso.com/-/media/documents/download-center/documents/annual-reports/2024/storaenso_annual_report_2024.pdf,Finland,Renewable Resources & Alternative Energy,Pulp & Paper Products,2025-02-13,59,PwC
Storebrand*,https://www.storebrand.no/en/investor-relations/annual-reports/_/attachment/inline/f7268ecb-0b2b-44e3-b264-bb93a0a06afa:afbfc17fd8ac42a515a6a48fb54eaec364e37ae0/2024-annual-report-storebrand-asa.pdf,Norway,Financials,Insurance,2025-03-17,137,PwC
Svenska Handelsbanken*,https://www.handelsbanken.com/tron/xgpu/info/contents/v1/document/72-263272,Sweden,Financials,Commercial Banks,2025-02-26,120,Deloitte
Swedbank,https://mb.cision.com/Main/67/4109053/3277713.pdf,Sweden,Financials,Commercial Banks,2025-02-20,154,PwC
Syensqo*,https://www.syensqo.com/sites/g/files/alwlxe161/files/2025-03/Syensqo-2024-Annual-Integrated-Report.pdf,Belgium,Resource Transformation,Chemicals,2025-03-20,129,EY
Tatra banka,https://www.tatrabanka.sk/files/archiv/en/about/economic-results/annual-reports/Annualreport2024Non-officialPDFversion.pdf,Slovakia,Financials,Commercial Banks,2025-02-28,249,Deloitte
TDC Net*,https://tdcnet.com/media/bahljs5f/tdc-net-annual-report-2024.pdf,Denmark,Technology & Communications,Telecommunication Services,2025-03-13,115,Deloitte
Telefónica,https://www.telefonica.com/en/wp-content/uploads/sites/5/2025/02/Consolidated-Annual-Accounts-2024.pdf,Spain,Technology & Communications,Telecommunication Services,2025-02-27,180,PwC
Telefónica Deutschland*,https://www.telefonica.de/file/public/826/ANNUAL-REPORT-2024-EN-Telefonica-Deutschland-Holding-AG_protected.pdf?attachment=1,Germany,Technology & Communications,Telecommunication Services,2025-02-27,86,PwC
Telekom Austria (A1 Telekom Austria)*,https://a1.group/wp-content/uploads/sites/6/2025/03/A1-Group_results-report-2024-1.pdf,Austria,Technology & Communications,Telecommunication Services,2025-03-21,88,EY
Telenor*,https://www.telenor.no/binaries/om/group/Annual-Report-2024-English.pdf,Norway,Technology & Communications,Telecommunication Services,2025-03-20,84,EY
Teleperformance,https://www.tp.com/media/2balwxel/tp-2024-urd.pdf,France,Technology & Communications,Software & IT Services,2025-03-06,112,PwC
Telia Company,https://www.teliacompany.com/assets/u5c1v3pt22v8/4LVJsLuOlr3SbbnB7DT3X/fdd30eea5fefca67f2a9104af30fd104/Telia_Annual_report_2024.pdf,Sweden,Technology & Communications,Telecommunication Services,2025-03-19,100,KPMG
Telia Lithuania*,https://www.telia.lt/medias/telia-lietuva-annual-report-2024.pdf?context=bWFzdGVyfGZja0ltYWdlL0Rva3VtZW50YWkvS29ycG9yYXR5dmluaWFpL0F0YXNrYWl0b3N8MzAzMDkzNDN8YXBwbGljYXRpb24vcGRmfGZja0ltYWdlL0Rva3VtZW50YWkvS29ycG9yYXR5dmluaWFpL0F0YXNrYWl0b3MvaDc3L2gzMy8xMzYxMDAyNTMyMDQ3OC5wZGZ8NmJiZmE3NjUyZGY3MjNhODhmYWEzYmUxZWQzMGZkY2RlOTg0OTllYjI0ZmQ2MjliYWM1ODY0YTJjZjlkZWI5ZQ,Lithuania,Technology & Communications,Telecommunication Services,2025-04-03,92,PwC
TenneT Holding*,https://tennet-drupal.s3.eu-central-1.amazonaws.com/default/2025-03/Integrated%20Annual%20Report%20TenneT%20Holding%202024%20publication_0.pdf,Netherlands,Infrastructure,Electric Utilities & Power Generators,2025-03-06,60,Deloitte
TF1*,https://groupe-tf1.fr/sites/default/files//pdf-financiers/TF1_URD_2024_UK_0.pdf,France,Services,Media & Entertainment,2025-03-17,104,EY
Thermador Groupe*,https://www.thermador-groupe.fr/wp-content/uploads/urd-2024.pdf,France,Consumer Goods,Multiline and Specialty Retailers & Distributors,2025-03-14,84,KPMG
Tietoevry,https://ar2024.tietoevry.com/siteassets/tietoevry_annual_report_2024.pdf,Finland,Technology & Communications,Software & IT Services,2025-03-04,79,Deloitte
TKH*,https://storage.tkhgroup.com/cms/assets/TKH_Annual_Report_2024_324a0e861e.pdf,Netherlands,Technology & Communications,Software & IT Services,2025-03-11,75,EY
TKM Grupp,https://nasdaqbaltic.com/market/upload/reports/tkm/2024_ar_en_eur_con_00.pdf,Estonia,Food & Beverage,Food Retailers & Distributors,2025-02-19,58,PwC
TomTom,https://corporate.tomtom.com/static-files/23910bbd-84e1-401d-8bf1-037fe9031d84,Netherlands,Technology & Communications,Internet Media & Services,2025-02-05,39,PwC
TotalEnergies*,https://totalenergies.com/system/files/documents/totalenergies_universal-registration-document-2024_2025_en.pdf,France,Extractives & Mineral Processing,Oil & Gas – Exploration & Production,2025-03-31,146,EY
Traton*,https://annualreport.traton.com/2024/assets/downloads/traton-annual-report-2024.pdf,Germany,Resource Transformation,Industrial Machinery & Goods,2025-03-10,79,EY
Trifork*,https://investor.trifork.com/wp-content/uploads/sites/4/2025/02/Trifork_FY24_Annual-report.pdf,Switzerland,Technology & Communications,Internet Media & Services,2025-02-28,61,EY
Triodos Bank,https://www.annual-report-triodos.com/2024/xmlpages/tan/files?p_file_id=440,Netherlands,Financials,Commercial Banks,2025-03-01,161,PwC
Tryg,https://tryg.com/sites/tryg.com/files/2025-01/Annual%20Report%202024%20-%20TRYG%20A_S.pdf,Denmark,Financials,Insurance,2025-01-23,79,PwC
UCB,https://djmyn0vvwsj0h.cloudfront.net/UCB_IAR_2024_ENG_4f4ead3812.pdf,Belgium,Health Care,Biotechnology & Pharmaceuticals,2025-02-26,82,Forvis Mazars
Unibail-Rodamco-Westfield (URW)*,https://downloads.eu.ctfassets.net/1e76kztii87u/4qMSUEWSY1ktQRXnEfBLgf/ff826035be788331d2004df7e0457319/URD_2024_ENG_-_VDEF_March_21.pdf,France,Infrastructure,Real Estate,2025-03-21,147,KPMG & Deloitte
UniCredit,https://www.unicreditgroup.eu/content/dam/unicreditgroup-eu/documents/en/investors/financial-reports/2024/4Q24/2024-Annual-Reports-and-Accounts-General-Meeting-Draft.pdf,Italy,Financials,Commercial Banks,2025-02-26,186,KPMG
Unilever*,https://www.unilever.com/files/unilever-annual-report-and-accounts-2024.pdf,United Kingdom,Consumer Goods,Household & Personal Products,2025-03-13,77,KPMG
Uniper*,https://www.uniper.energy/system/files/2025-02/2025_02_25_FY_2024_Uniper_Annual_Report.pdf,Germany,Infrastructure,Electric Utilities & Power Generators,2025-02-24,159,PwC
Universal Music Group*,https://downloads.ctfassets.net/e66ejtqbaazg/3lVdyJmpf8DQTPMRcxChSQ/80752d027f61e3846f4b5e2a5a62a958/UMG_2024_Annual_Report.pdf,Netherlands,Services,Media & Entertainment,2025-03-27,50,EY
UPM,https://www.upm.com/siteassets/asset/investors/2024/upm-annual-report-2024.pdf,Finland,Renewable Resources & Alternative Energy,Pulp & Paper Products,2025-03-05,61,EY
Vandemoortele*,https://vandemoortele.com/sites/default/files/2025-03/EN_2024_AnnualIntegratedReport_Vandemoortele_1.pdf,Belgium,Food & Beverage,Processed Foods,2025-03-28,123,Deloitte
Vattenfall*,https://group.vattenfall.com/de/globalassets/com/sustainability/vattenfall-annual-and-sustainability-report-2024.pdf,Sweden,Infrastructure,Electric Utilities & Power Generators,2025-03-24,79,PwC
Veolia*,https://www.veolia.com/sites/g/files/dvc4206/files/document/2025/03/Veolia_2024_URD.pdf,France,Infrastructure,Water Utilities & Services,2025-03-11,146,KPMG & EY
Verbund*,https://www.verbund.com/-/media/verbund/ueber-verbund/investor-relations/finanzpublikationen/en/2025/verbund-integrated-annual-report-2024-englisch-final.ashx,Austria,Infrastructure,Electric Utilities & Power Generators,2025-03-14,192,EY
Vestas,https://www.vestas.com/content/dam/vestas-com/global/en/investor/reports-and-presentations/financial/2024/fy-2024/Vestas%20Annual%20Report%202024.pdf.coredownload.inline.pdf,Denmark,Renewable Resources & Alternative Energy,Wind Technology & Project Developers,2025-02-05,82,Deloitte
VINCI,https://www.vinci.com/publi/vinci/vinci-2024-universal-registration-document.pdf,France,Infrastructure,Engineering & Construction Services,2025-02-28,91,PwC
Vivendi*,https://www.vivendi.com/wp-content/uploads/2025/04/20250407_VIV_VIVENDI_URD_EN.pdf,France,Services,Media & Entertainment,2025-04-07,92,Deloitte & Grant Thornton
Volkswagen,https://www.volkswagen-group.com/en/publications/more/annual-report-2024-2931/download?disposition=attachment,Germany,Transportation,Automobiles,2025-03-11,240,EY
Vonovia*,https://report.vonovia.com/2024/q4/app/uploads/Vonovia-SE_Annual-Report-2024.pdf,Germany,Infrastructure,Real Estate,2025-03-19,108,PwC
VP Bank*,https://reports.vpbank.com/2024/ar/downloads/en/VPBLI_GB2024_EN.pdf,Liechtenstein,Financials,Asset Management & Custody Activities,2025-03-13,106,PwC
Wienerberger*,https://www.wienerberger.com/content/dam/corp/corporate-website/downloads/investors-downloads/2024/2024-wienerberger-Annual-Report.pdf,Austria,Extractives & Mineral Processing,Construction Materials,2025-03-31,110,Deloitte
Wirtualna Polska Holding*,https://holding.wpcdn.pl/uploader/Managements_report_2024.pdf?cEg=olmFE4%2BOw0OPx4ICQUVTVZPXA9dVlVPQ04eGw0ZBghPVU4OV1tdDg5UXFpYWFkOVw9ZXVxYCVUJVl1cDg9cWglYVlZZWlpcXApXXltcVlhdV1xaW1YbXE5BTRgEAgkeGw0AH05XXltZXVRbXlpcEg,Poland,Technology & Communications,Internet Media & Services,2025-04-02,87,PwC
WithSecure,https://www.withsecure.com/content/dam/with-secure/en/investor/materials/WithSecure_Annual_Report_2024.pdf,Finland,Technology & Communications,Software & IT Services,2025-02-12,76,PwC
Wolters Kluwer,https://assets.contenthub.wolterskluwer.com/api/public/content/2630611-wolters-kluwer-2024-annual-report-cd216d4be7?v=7a259453,Netherlands,Services,Professional & Commercial Services,2025-03-12,64,Deloitte
Wärtsilä,https://mb.cision.com/Main/15003/4107848/3272936.pdf,Finland,Consumer Goods,Appliance Manufacturing,2025-02-19,46,PwC
Zabka*,https://zabkagroup.azureedge.net/wp-content/uploads/2025/03/Zabka-Group-2024-AR-Full-year.pdf?t=1743155699,Luxembourg,Food & Beverage,Food Retailers & Distributors,2025-03-24,68,EY
Zalando*,https://corporate.zalando.com/sites/default/files/media-download/Annual%20Report%202024_Zalando%20SE_EN_250503_s.pdf,Germany,Consumer Goods,E-Commerce,2025-03-06,131,KPMG
Ørsted,https://cdn.orsted.com/-/media/annual2024/orsted-annual-report-2024.pdf?rev=e2d1485c254f4274aa6d7752c8947560,Denmark,Infrastructure,Electric Utilities & Power Generators,2025-02-06,101,PwC
